{
  "wood crate": [
    0.0,
    3.0,
    0
  ],
  "steel barrels": [
    2.0,
    2.0,
    90
  ],
  "bathroom door": [
    -6.0,
    -6.0,
    180
  ],
  "wooden pallet": [
    1.5,
    2.5,
    90
  ],
  "metal shelf": [
    2.5,
    3.0,
    180
  ],
  "forklift": [
    3.0,
    0.0,
    90
  ],
  "charging station": [
    0.0,
    -2.0,
    180
  ],
  "bathroom": [
    -6.0,
    -6.0,
    180
  ],
  "toilet": [
    -6.0,
    -6.0,
    180
  ],
  "mug": [
    2.0,
    -1.0,
    90
  ],
  "chair": [
    0.7716196649078364,
    -3.1007774493284033,
    -14.001709240123732
  ]
}
